,Care Home Name,street,suburb,city,PostCode,Specialisms,Local authority area,phone Number,email,Website URL
0,112-114 Carlton Road,Small Heath,Not Specified,Birmingham,B9 5EA,Not Specified,Birmingham,0121 7733165,Not Specified,https://www.wmca.care/hmfc/directory/carehomes/birmingham/dp/1
1,56-58 Carlton Road,56-58 Carlton Road,Small Heath,Birmingham,B9 5EB,Learning Disabilities,Birmingham,0121 7724078,ash786@btinternet.com,https://www.wmca.care/hmfc/directory/carehomes/birmingham/dp/2
2,Abbey Rose Nursing Home,2 Ivyfield Road,Erdington,Birmingham,B23 7HH,Nursing,Birmingham,0121 3776707,AR.admin@macccare.com,https://www.wmca.care/hmfc/directory/carehomes/birmingham/dp/3
3,Abele Care Limited (Trevella House),310 Court Oak Road,Harborne,Birmingham,B32 2EB,Learning Disabilities,Birmingham,0121 2405306,sharonannakie@abelecare.co.uk,https://www.wmca.care/hmfc/directory/carehomes/birmingham/dp/4
4,Not Specified,Not Specified,Not Specified,Not Specified,Not Specified,Not Specified,Not Specified,Not Specified,Not Specified,https://www.wmca.care/hmfc/directory/carehomes/birmingham/dp/5
5,Agnes House (Bham),11a-15 Arthur Road,Erdington,Birmingham,B24 9EX,Learning Disabilities,Birmingham,0121 3730058,agnes_house@hotmail.com,https://www.wmca.care/hmfc/directory/carehomes/birmingham/dp/6
6,Andrew Cohen House (Birmingham Jewish Community Care),River Brook Drive,0,Birmingham,B30 2SH,Nursing,Birmingham,0121 4585000,erowe@bhamjcc.co.uk,https://www.wmca.care/hmfc/directory/carehomes/birmingham/dp/7
7,Arden Lodge Residential Care Home for Elder Adults,946 Warwick Road,Acocks Green,Birmingham,B27 6QG,Not Specified,Birmingham,0121 7067958,manager@lindale-homes.co.uk,https://www.wmca.care/hmfc/directory/carehomes/birmingham/dp/8
8,Ashleigh Court Rest Home,20 Fountain Road,Edgbaston,Birmingham,B17 8NL,Mental Health,Birmingham,0121 4201118,ashleighcourtltd@outlook.com,https://www.wmca.care/hmfc/directory/carehomes/birmingham/dp/9
9,Ashley Lodge Residential Home,1-3 Colmore Crescent,Moseley,Birmingham,B13 9SJ,Not Specified,Birmingham,0121 4491503,info@magnacaregroup.co.uk,https://www.wmca.care/hmfc/directory/carehomes/birmingham/dp/10
10,Asprey Court Care Home,Orphanage Road,Erdington,Birmingham,B24 0BE,Nursing,Birmingham,0121 2221387,shobha@restfulhomes.co.uk,https://www.wmca.care/hmfc/directory/carehomes/birmingham/dp/11
11,Austin Rose Care Home,90 Alvechurch Road,Not Specified,Birmingham,B31 3QW,Nursing,Birmingham,0121 4757871,AUR.admin@macccare.com,https://www.wmca.care/hmfc/directory/carehomes/birmingham/dp/12
12,Beech House,21 Gravelly Hill North,Erdington,Birmingham,B23 6BT,Learning Disabilities,Birmingham,0121 3826163,KarenC@newoutlook.org.uk,https://www.wmca.care/hmfc/directory/carehomes/birmingham/dp/13
13,Boldmere Court Care Home,350 Gravelly Lane,0,Birmingham,B23 5SB,Nursing,Birmingham,0121 3530003,enquiries@boldmerecourt.co.uk,https://www.wmca.care/hmfc/directory/carehomes/birmingham/dp/14
14,Boldmere Drive,3 Boldmere Drive,Not Specified,Sutton Coldfield,B73 5ES,Learning Disabilities,Birmingham,0121 3861384,Not Specified,https://www.wmca.care/hmfc/directory/carehomes/birmingham/dp/15
15,Bournview Care Home,Bourn View Care Home,47 Bristol Road South,Birmingham,B31 2FR,Mental Health,Birmingham,0121 5163500,lianne.sturmey@averyhealthcare.co.uk,https://www.wmca.care/hmfc/directory/carehomes/birmingham/dp/16
16,Bournville Grange Limited,168 Oak Tree Lane,Bournville,Birmingham,B30 1TX,Not Specified,Birmingham,0121 4722213,info@bournevillegrange.co.uk,https://www.wmca.care/hmfc/directory/carehomes/birmingham/dp/17
17,Bretby House,253 Boldmere Road,Not Specified,Sutton Coldfield,B73 5LL,Mental Health,Birmingham,0121 3736562,z.velji@carefirstclassuk.com,https://www.wmca.care/hmfc/directory/carehomes/birmingham/dp/18
18,Bryony House,30 Bryony Road,Not Specified,Birmingham,B29 4BX,Not Specified,Birmingham,0121 4752965,bryonyhouse@googlemail.com,https://www.wmca.care/hmfc/directory/carehomes/birmingham/dp/19
19,Caring Thoughts For Future Steps,14 Leopold Avenue,Hampstead,Birmingham,B20 1ER,Supported Living,Birmingham,0121 293 4920,info@caringthoughts.co.uk,https://www.wmca.care/hmfc/directory/carehomes/birmingham/dp/20
20,Cherry Lodge,6 Manningford Road,Druids Heath,Birmingham,B14 5LD,Not Specified,Birmingham,0121 4305986,t.spencer@carefirstclassuk.com,https://www.wmca.care/hmfc/directory/carehomes/birmingham/dp/21
21,Church Rose Nursing Home,8 Payton Road,Handsworth,Birmingham,B21 0HP,Nursing,Birmingham,0121 5546413,CR.manager@macccare.com,https://www.wmca.care/hmfc/directory/carehomes/birmingham/dp/22
22,Clifton House,165 Clifton Road,Not Specified,Birmingham,B12 8SL,Not Specified,Birmingham,0121 4402089,Not Specified,https://www.wmca.care/hmfc/directory/carehomes/birmingham/dp/23
23,Cole Bank Road,16 Cole Bank Road,Hall Green,Birmingham,B28 8EX,Learning Disabilities,Birmingham,0121 7778007,Not Specified,https://www.wmca.care/hmfc/directory/carehomes/birmingham/dp/24
24,Cole Valley Nursing Home,326 Haunch Lane,Kings Heath,Birmingham,B13 0PN,Nursing,Birmingham,0121 4448887,colevalleymanager@mrphillips.co.uk,https://www.wmca.care/hmfc/directory/carehomes/birmingham/dp/25
25,Edenwood,14 Rotton Park Road,Edgbaston,Birmingham,B16 9JJ,Learning Disabilities,Birmingham,0121 4282455,JulieM@newoutlook.org.uk,https://www.wmca.care/hmfc/directory/carehomes/birmingham/dp/26
26,Elliott House,81 Walkers Heath Road,Not Specified,Birmingham,B38 0AN,Not Specified,Birmingham,0121 6052608,ehmanager@lindale-homes.co.uk,https://www.wmca.care/hmfc/directory/carehomes/birmingham/dp/27
27,Field House Residential Home,110 Harborne Park Road,Not Specified,Birmingham,B17 0BS,Not Specified,Birmingham,0121 4263157,fhcareltd@gmail.com,https://www.wmca.care/hmfc/directory/carehomes/birmingham/dp/28
28,Gables Residential Home The,29-31 Ashurst Road,Walmley,Sutton Coldfield,B76 1JE,Not Specified,Birmingham,0121 3516614,sarj@acttus.com,https://www.wmca.care/hmfc/directory/carehomes/birmingham/dp/29
29,Greville House Care Home,40 Streetly Lane,Not Specified,Sutton Coldfield,B74 4TU,Not Specified,Birmingham,0121 3088304,greville@kpsk.care,https://www.wmca.care/hmfc/directory/carehomes/birmingham/dp/30
30,Harborne Lane Specialist Care Centre Ltd,247 Harborne Lane,Selly Oak,Birmingham,B29 6TG,Nursing,Birmingham,0121 2581445,managerhlscc@gmail.com,https://www.wmca.care/hmfc/directory/carehomes/birmingham/dp/31
31,Highbury Nursing Home,199-203 Alcester Road,Moseley,Birmingham,B13 8PX,Nursing,Birmingham,0121 4424885,highburynursinghome@yahoo.co.uk,https://www.wmca.care/hmfc/directory/carehomes/birmingham/dp/32
32,Highcroft House,7 Crown Lane,Crown Lane,Four Oaks,B74 4SU,Learning Disabilities,Birmingham,0121 3539392,Highcrofthouse@dignushealthcare.com,https://www.wmca.care/hmfc/directory/carehomes/birmingham/dp/33
33,Holly House,61 Westley Road,Not Specified,Birmingham,B27 7UQ,Not Specified,Birmingham,0121 7078665,Not Specified,https://www.wmca.care/hmfc/directory/carehomes/birmingham/dp/34
34,Hurstway Care Home,142 The Hurstway,Erdington,Birmingham,B23 5XN,Nursing,Birmingham,0121 3500191,hurstwayhomeenquiries@gmail.com,https://www.wmca.care/hmfc/directory/carehomes/birmingham/dp/35
35,Lime Court,19-31 Jaffray Crescent,Erdington,Birmingham,B24 8BG,Nursing,Birmingham,0121 3821383,Limecourt@jaffraycare.com,https://www.wmca.care/hmfc/directory/carehomes/birmingham/dp/36
36,Marian House,803 Chester Road,Erdington,Birmingham,B24 0BX,Learning Disability,Birmingham,0121 2415217,marianhouse803@yahoo.com,https://www.wmca.care/hmfc/directory/carehomes/birmingham/dp/37
37,Meadow Rose Nursing Home,96 The Roundabout,Not Specified,Birmingham,B31 2TX,Nursing,Birmingham,0121 4769808,mr.manager@macccare.com,https://www.wmca.care/hmfc/directory/carehomes/birmingham/dp/38
38,Oakview Care Home,14-20 Overfield Road,Bartley Green,Birmingham,B32 3BA,Nursing,Birmingham,0121 4286800,jag@oakviewcare.co.uk,https://www.wmca.care/hmfc/directory/carehomes/birmingham/dp/39
39,Orchard House Nursing Home (Bham),126 Whitehouse Common Road,0,Sutton Coldfield,B75 6DS,Nursing,Birmingham,0121 3780272,marie.lake4@nhs.net,https://www.wmca.care/hmfc/directory/carehomes/birmingham/dp/40
40,Priestley Rose Nursing Home,114 Bromford Lane,Erdington,Birmingham,B24 8BZ,Nursing,Birmingham,0121 3730134,PR.admin@macccare.com,https://www.wmca.care/hmfc/directory/carehomes/birmingham/dp/41
41,Primrose Place,34 Somerset Road,Handsworth,Birmingham,B20 2JD,Learning Disabilities,Birmingham,0121 554 0440,naval.chawla@nuvohealthcare.co.uk,https://www.wmca.care/hmfc/directory/carehomes/birmingham/dp/42
42,Rivendell & Lorien,57 and 59 Marsh Lane,Erdington,Birmingham,B23 6HX,Not Specified,Birmingham,0121 3772800,tayla.allen@jaffraycare.com,https://www.wmca.care/hmfc/directory/carehomes/birmingham/dp/43
43,Sellywood House,116 Sellywood Road,Bournville,Birmingham,B30 1TJ,Nursing,Birmingham,0121 472 3721,compliance@surecare.com,https://www.wmca.care/hmfc/directory/carehomes/birmingham/dp/44
44,Serenity Consultancy (UK) Ltd,767 The Big Peg 120 Vyse Street,Not Specified,Birmingham,B18 6NF,Supported Living,Birmingham,07929 842017,usafg@hotmail.co.uk,https://www.wmca.care/hmfc/directory/carehomes/birmingham/dp/45
45,Sherbourne Grange,18-20 Sherbourne Road,Acocks Green,Birmingham,B27 6AE,Learning Disabilities,Birmingham,0121 7064411,info@ferndalecare.com,https://www.wmca.care/hmfc/directory/carehomes/birmingham/dp/46
46,Silver Birch,39 Silver Birch Road,Erdington,Birmingham,B24 0AR,Not Specified,Birmingham,1212502067,Not Specified,https://www.wmca.care/hmfc/directory/carehomes/birmingham/dp/47
47,Silver Birch Care Home,31-33 Silver Birch Road,Erdington,Birmingham,B24 0AR,Learning Disabilities,Birmingham,0121 3824505,joannehinde.silverbirch@outlook.com,https://www.wmca.care/hmfc/directory/carehomes/birmingham/dp/48
48,Southside Care,1653 Stratford Road,Hall Green,Birmingham,B28 9JB,Not Specified,Birmingham,0121 7448811,Not Specified,https://www.wmca.care/hmfc/directory/carehomes/birmingham/dp/49
49,Sparrowfields,17-19 Alwold Road,Weoley Castle,Birmingham,B29 5RR,Learning Disabilities,Birmingham,0121 4282848,sparrowfields@shaw.co.uk,https://www.wmca.care/hmfc/directory/carehomes/birmingham/dp/50
50,St Catherines Residential Home (Kathline),326-328 Boldmere Road,Boldmere,Sutton Coldfield,B73 5EU,Not Specified,Birmingham,0121 3778178,saintcat.care@live.com,https://www.wmca.care/hmfc/directory/carehomes/birmingham/dp/51
51,Sutton Rose Care Home,St. Michaels Road,Boldmere,Sutton Coldfield,B73 5FU,Not Specified,Birmingham,0121 7167117,info@macccare.com,https://www.wmca.care/hmfc/directory/carehomes/birmingham/dp/52
52,Tudor Gardens,27-29 Tudor Gardens,Erdington,Birmingham,B23 6FD,Not Specified,Birmingham,0121 3863073,Not Specified,https://www.wmca.care/hmfc/directory/carehomes/birmingham/dp/53
53,Tudor House,159-161 Monyhull Hall Road,Kings Norton,Birmingham,B30 3QN,Not Specified,Birmingham,0121 4512529,info@tudorhouse-residentialhome.co.uk,https://www.wmca.care/hmfc/directory/carehomes/birmingham/dp/54
54,Tudor Rose Rest Home (Careplex Domiciliary Services),671 Chester Road,Erdington,Birmingham,B23 5TH,Not Specified,Birmingham,0121 3848922,waseem@careplex.co.uk,https://www.wmca.care/hmfc/directory/carehomes/birmingham/dp/55
55,Tulip Gardens,5 Court Farm Way,Selly Oak,Birmingham,B29 5BW,Learning Disabilities,Birmingham,0121 4783505,angelac@newoutlook.org.uk,https://www.wmca.care/hmfc/directory/carehomes/birmingham/dp/56
56,Unity Care (Gravelly Hill),90 Gravelly Hill Erdington,Erdington,Birmingham,B23 7PF,Learning Disabilities,Birmingham,0121 6864406,unitycare3079@aol.co.uk,https://www.wmca.care/hmfc/directory/carehomes/birmingham/dp/57
57,Uplands Nursing Home,43 Upland Road,Selly Park,Birmingham,B29 7JS,Nursing,Birmingham,0121 4713816,uplands@astleycarehomes.co.uk,https://www.wmca.care/hmfc/directory/carehomes/birmingham/dp/58
58,Victoria Lodge Care Home,11 Victoria Road,Acocks Green,Birmingham,B27 7XZ,Not Specified,Birmingham,0121 7077921,victoriamanager@select-group.co.uk,https://www.wmca.care/hmfc/directory/carehomes/birmingham/dp/59
59,Victoria Road,16 Victoria Road,Acocks Green,Birmingham,B27 7YA,Learning Disabilities,Birmingham,0121 7082637,Not Specified,https://www.wmca.care/hmfc/directory/carehomes/birmingham/dp/60
60,Willowbrook Care Home,363 Aldridge Road,Perry Bar,Birmingham,B44 8BW,Nursing,Birmingham,0121 3444751,sue@willinbrookhealthcare.co.uk,https://www.wmca.care/hmfc/directory/carehomes/birmingham/dp/61
61,Arden Croft,41 Thompsons Road,Keresley End,CH Town,CV7 8JU,Learning Disabilities,Coventry,Not Specified,admin@dignushealthcare.com,https://www.wmca.care/hmfc/directory/carehomes/birmingham/coventry/dp/1
62,Beechwood Gardens,71-73 Rochester Road,Not Specified,CH Town,CV5 6AF,Dementia,Coventry,02476 713654,beechwoodgardens@btconnect.com,https://www.wmca.care/hmfc/directory/carehomes/birmingham/coventry/dp/2
63,Belvedere Park Nursing Home,2 Belvedere Road,Earlsdon,CH Town,CV5 6PF,"Nursing, Palliative Care, Wound Management, Residential Care Home",Coventry,024 7667 3409,info@belvedereparkcoventry.co.uk,https://www.wmca.care/hmfc/directory/carehomes/birmingham/coventry/dp/3
64,Brookfield,26 Bedlam Lane,Holbrooks,CH Town,CV6 6AR,Not Specified,Coventry,0121 3575049,admin@dignushealthcare.com,https://www.wmca.care/hmfc/directory/carehomes/birmingham/coventry/dp/4
65,Compton Manor Residential Care Home,Compton Road,Holbrooks,CH Town,CV6 6NT,Dementia,Coventry,02476 688338,stephanie.mcnaney@nhs.net,https://www.wmca.care/hmfc/directory/carehomes/birmingham/coventry/dp/5
66,Grove House (Ratan Homes),215 Tamworth Road,Keresley,CH Town,CV7 8JJ,Not Specified,Coventry,02476 335600,tkaurora@googlemail.com,https://www.wmca.care/hmfc/directory/carehomes/birmingham/coventry/dp/6
67,Inshore Support Limited - 108 Barnfield Avenue,Allesley,Allesley,CH Town,CV5 9FX,Learning Disabilities,Coventry,02476 403067,Not Specified,https://www.wmca.care/hmfc/directory/carehomes/birmingham/coventry/dp/7
68,Melbourne House,23-35 Earlsdon Avenue South,Earlsdon,CH Town,CV5 6DU,Dementia,Coventry,02476 672732,gurbaksh_khera@hotmail.com,https://www.wmca.care/hmfc/directory/carehomes/birmingham/coventry/dp/8
69,Oakridge Care Homes Ltd,31 Gillity Avenue,Not Specified,CH Town,WS5 3PJ,Not Specified,Coventry,07762 244576,gurbaksh.khera@nhs.net,https://www.wmca.care/hmfc/directory/carehomes/birmingham/coventry/dp/9
70,St Andrews House,19 St Andrews Road,Earlsdon,CH Town,CV5 6FP,Not Specified,Coventry,02476 673745,info@standrewshouse.org.uk,https://www.wmca.care/hmfc/directory/carehomes/birmingham/coventry/dp/10
71,Abbeygate Care Centre,2 Leys Road,Brockmoor,CH Town,DY5 3UR,Not Specified,Dudley,01384 571295,abbeygatecare1@gmail.com,https://www.wmca.care/hmfc/directory/carehomes/dudley/dp/1
72,Abbeymere Care Centre (HQ),12 Eggington Road,Wollaston,CH Town,DY8 4QJ,Not Specified,Dudley,01384 395195,karelinkwolverhampton@gmail.com,https://www.wmca.care/hmfc/directory/carehomes/dudley/dp/2
73,Allenbrook Home (Halesowen) Ltd,209 Spies Lane,Not Specified,CH Town,B62 9SJ,Nursing,Dudley,0121 4225844,manager@allenbrooknursinghome.co.uk,https://www.wmca.care/hmfc/directory/carehomes/dudley/dp/3
74,Amberley Care Home,481-483 Stourbridge Road,Not Specified,CH Town,DY5 1LB,Not Specified,Dudley,01384 482365,amberleycarehome@hotmail.co.uk,https://www.wmca.care/hmfc/directory/carehomes/dudley/dp/4
75,Avondale Residential Care Home,45 Norton Road,Norton,CH Town,DY8 2AH,Not Specified,Dudley,01384 442731,avondaleresthome@hotmail.com,https://www.wmca.care/hmfc/directory/carehomes/dudley/dp/5
76,Belvidere Residential Home,41-43 Stourbridge Road,Not Specified,CH Town,DY1 2DH,Not Specified,Dudley,01384 211850,manager@belviderecare.com,https://www.wmca.care/hmfc/directory/carehomes/dudley/dp/6
77,Brambles The (Dudley),69-69A Vicarage Road,Amblecote,CH Town,DY8 4JA,Not Specified,Dudley,01384 379034,info@thebramblescarehome.co.uk,https://www.wmca.care/hmfc/directory/carehomes/dudley/dp/7
78,Camelot Rest Home,152 Stourbridge Road,Holly Hall,CH Town,DY1 2ER,Not Specified,Dudley,01384 214290,cam152@hotmail.co.uk,https://www.wmca.care/hmfc/directory/carehomes/dudley/dp/8
79,Castleview Residential Care Home,6 Priory Road,Not Specified,CH Town,DY1 4AD,Not Specified,Dudley,01384 253426,goldenseniorcare@outlook.com,https://www.wmca.care/hmfc/directory/carehomes/dudley/dp/9
80,Castlewellan House,41 Moss Grove,Not Specified,CH Town,DY6 9HP,Not Specified,Dudley,01384 298321,steveshirl@hotmail.co.uk,https://www.wmca.care/hmfc/directory/carehomes/dudley/dp/10
81,Cedars Christian Residential Home,20-22 Redlake Road,Pedmore,CH Town,DY9 0SA,Dementia,Dudley,01562 882299,thecedars22@hotmail.co.uk,https://www.wmca.care/hmfc/directory/carehomes/dudley/dp/11
82,Comberton Nursing Home,2 King William Street,Amblecote,CH Town,DY8 4EP,Nursing,Dudley,01384 262027,comberton@hotmail.co.uk,https://www.wmca.care/hmfc/directory/carehomes/dudley/dp/12
83,Commonside Care Ltd,Pensnett,Not Specified,CH Town,DY5 4AJ,Learning Disabilities,Dudley,01384 745880,commonsidecare@hotmail.co.uk,https://www.wmca.care/hmfc/directory/carehomes/dudley/dp/13
84,Edmore House Residential Home,20 Oakham Road,Not Specified,CH Town,DY2 7TB,Not Specified,Dudley,01384 255149,ann117@btinternet.com,https://www.wmca.care/hmfc/directory/carehomes/dudley/dp/14
85,Elm Lodge (Stourbridge),2 Yarnborough Hill,Oldswinford,CH Town,DY8 2EB,Learning Disabilities,Dudley,01384 394500,Not Specified,https://www.wmca.care/hmfc/directory/carehomes/dudley/dp/15
86,Eveson Road,76 Eveson Road,Norton,CH Town,DY8 3BU,Learning Disabilities,Dudley,01384 442730,Not Specified,https://www.wmca.care/hmfc/directory/carehomes/dudley/dp/16
87,Fairmont Residential Ltd (Brierley Hill),28 Sandringham Way,Withymor Village,CH Town,DY5 3JR,Learning Disabilities,Dudley,07775 697799,Not Specified,https://www.wmca.care/hmfc/directory/carehomes/dudley/dp/17
88,Grazebrook Homes Ltd,49 Adshead Road,Not Specified,CH Town,DY2 8ST,Learning Disabilities,Dudley,01384 255171,ikram@grazebrookhomes.com,https://www.wmca.care/hmfc/directory/carehomes/dudley/dp/18
89,Greenleigh Nursing Home,219 Wolverhampton Road,Sedgley,CH Town,DY3 1QR,Not Specified,Dudley,01902 664023,greenleigh@select-group.co.uk,https://www.wmca.care/hmfc/directory/carehomes/dudley/dp/19
90,Halas Home,Wassell Road,Hasbury,CH Town,B63 4JX,Learning Disabilities,Dudley,0121 5508778,info@halashomes.co.uk,https://www.wmca.care/hmfc/directory/carehomes/dudley/dp/20
91,HAP Care Home Ltd,22 Linden Avenue,Not Specified,CH Town,B62 9EL,Learning Disabilities,Dudley,07591 764272,amanda.jones@hapcarehomes.com,https://www.wmca.care/hmfc/directory/carehomes/dudley/dp/21
92,Highfield Residential Care Home,Stream Road,Not Specified,CH Town,DY6 9PB,Not Specified,Dudley,01384 288870,highfieldres@yahoo.co.uk,https://www.wmca.care/hmfc/directory/carehomes/dudley/dp/22
93,Highview Home,12 Priory Road,Not Specified,CH Town,DY1 4AD,Not Specified,Dudley,01384 2538502,dhillon78@protonmail.com,https://www.wmca.care/hmfc/directory/carehomes/dudley/dp/23
94,Hillcroft Care Home,135 High Street,Wordsley,CH Town,DY8 5QS,Nursing,Dudley,01384 271317,hillcroft@astleycarehomes.co.uk,https://www.wmca.care/hmfc/directory/carehomes/dudley/dp/24
95,Himley Manor Care Home,133 Himley Road,Himley,CH Town,DY1 2QF,Not Specified,Dudley,01384 238588,nhazia@himleymanor.com,https://www.wmca.care/hmfc/directory/carehomes/dudley/dp/25
96,Holly Hall House,170 Stourbridge Road,Holly Hall,CH Town,DY1 2ER,Learning Disabilities,Dudley,01384 252219,hollyhall@select-group.co.uk,https://www.wmca.care/hmfc/directory/carehomes/dudley/dp/26
97,Holly Lodge,9 Rectory Road,Oldswinford,CH Town,DY8 2HA,Not Specified,Dudley,01384 373306,Paula.hubble@hollylodgecarehome.co.uk,https://www.wmca.care/hmfc/directory/carehomes/dudley/dp/27
98,Hollybush House,John Corbett Drive,Amblecote,CH Town,DY8 4HZ,Not Specified,Dudley,01384 442782,hollybush@shaw.co.uk,https://www.wmca.care/hmfc/directory/carehomes/dudley/dp/28
99,Inshore Support - Melbourne Rd,10 Melbourne Road,Not Specified,CH Town,B63 3NB,Supported Living,Dudley,0121 5013389,Not Specified,https://www.wmca.care/hmfc/directory/carehomes/dudley/dp/29
100,Inshore Support-Highfield Road,Colley Gate,Colley Gate,CH Town,B63 2DH,Supported Living,Dudley,01384 410581,Not Specified,https://www.wmca.care/hmfc/directory/carehomes/dudley/dp/30
101,Jubilee Court Neuro-Rahabilitation,Neuro Rehabilitation Centre,Central Drive,CH Town,WV14 9EJ,Nursing,Dudley,01902 883426,jubileemanager@select-group.co.uk,https://www.wmca.care/hmfc/directory/carehomes/dudley/dp/31
102,Kiniths House,33 Kiniths Way,Not Specified,CH Town,B62 9HJ,Learning Disabilities,Dudley,0121 5597091,enquiries@kinithshouse.co.uk,https://www.wmca.care/hmfc/directory/carehomes/dudley/dp/32
103,Lapal House,Lapal Lane South,Not Specified,CH Town,B62 0ES,Not Specified,Dudley,0121 5030326,admin@lapalhouse.co.uk,https://www.wmca.care/hmfc/directory/carehomes/dudley/dp/33
104,Links The,252 The Broadway,Not Specified,CH Town,DY1 3DN,Learning Disabilities,Dudley,01384 459651,links@shaw.co.uk,https://www.wmca.care/hmfc/directory/carehomes/dudley/dp/34
105,Micron House (Active Care Services),41 Halesowen Road,Netherton,CH Town,DY2 9QD,Not Specified,Dudley,01384 230504,steph@activecareservices.co.uk,https://www.wmca.care/hmfc/directory/carehomes/dudley/dp/35
106,Mountfield Care Home (The Mount),226 Brettell Lane,Amblecote,CH Town,DY8 4BQ,Not Specified,Dudley,01384 265955,themount226@hotmail.com,https://www.wmca.care/hmfc/directory/carehomes/dudley/dp/36
107,Nelson House,1-3 Nelson Road,Not Specified,CH Town,DY1 2AG,Not Specified,Dudley,01384 237717,leahunitt.nelsonhouse@sky.com,https://www.wmca.care/hmfc/directory/carehomes/dudley/dp/37
108,New Bradley Hall,Compton Drive,Stream Road,CH Town,DY6 9NS,Not Specified,Dudley,01384 278689,newbradleyhall@bchg.co.uk,https://www.wmca.care/hmfc/directory/carehomes/dudley/dp/38
109,Norton Lodge,142 Norton Road,Not Specified,CH Town,DY8 2TA,Not Specified,Dudley,01384 376666,nischapritchard@yahoo.com,https://www.wmca.care/hmfc/directory/carehomes/dudley/dp/39
110,Oakleigh Lodge,158-160 Stourbridge Road,Not Specified,CH Town,DY1 2ER,Learning Disabilities,Dudley,01384 232482,richarddean.oakleigh@gmail.com,https://www.wmca.care/hmfc/directory/carehomes/dudley/dp/40
111,Oriel House Residential,87-89 Hagley Road,Oldswinford,CH Town,DY8 1QY,Not Specified,Dudley,01384 375867,info@orielcare.co.uk,https://www.wmca.care/hmfc/directory/carehomes/dudley/dp/41
112,Pendulum Supported Living,12 Collett Close,Amblecote,CH Town,DY8 4HS,Not Specified,Dudley,07846 001869,info@pendulumsupportedliving.co.uk,https://www.wmca.care/hmfc/directory/carehomes/dudley/dp/42
113,Redbrick Court,High Street,Wordsley,CH Town,DY8 5SD,Not Specified,Dudley,01384 485444,Not Specified,https://www.wmca.care/hmfc/directory/carehomes/dudley/dp/43
114,Richmond Court (D),16 St James's Road,Not Specified,CH Town,DY1 3JD,Not Specified,Dudley,01384 254442,Richmondcourtdudley@outlook.com,https://www.wmca.care/hmfc/directory/carehomes/dudley/dp/44
115,Ridgeway Court Care Home,2-4 Dudley Road,Sedgley,CH Town,DY3 1SX,Supported Living,Dudley,01902 883130,ridgeway.admin@healthcare-uk.co,https://www.wmca.care/hmfc/directory/carehomes/dudley/dp/45
116,Rosewood Care Home,139-143 High Street,Pensnett,CH Town,DY5 4EA,Not Specified,Dudley,01384 77441,info@rosewoodcarehome.com,https://www.wmca.care/hmfc/directory/carehomes/dudley/dp/46
117,Russell Court Care Home,Overfield Road,Not Specified,CH Town,DY1 2NY,Not Specified,Dudley,01384 985040,manager@russell-court.com,https://www.wmca.care/hmfc/directory/carehomes/dudley/dp/47
118,Safeharbour (254 Hagley Road),254 Hagley Road,Pedmore,CH Town,DY9 0RW,Learning Disabilities,Dudley,01562 888125,Not Specified,https://www.wmca.care/hmfc/directory/carehomes/dudley/dp/48
119,Safeharbour (260 Hagley Road),260 Hagley Road,Pedmore,CH Town,DY9 0RW,Learning Disabilities,Dudley,01562 885018,Not Specified,https://www.wmca.care/hmfc/directory/carehomes/dudley/dp/49
120,Stoneleigh,166-168 Stourbridge Road,Not Specified,CH Town,DY1 2ER,Learning Disabilities,Dudley,01384 235590,stoneleigh_house@hotmail.com,https://www.wmca.care/hmfc/directory/carehomes/dudley/dp/50
121,Swiss House Care Home,41-43 Brierley Hill Road,Wordsley,CH Town,DY8 5SJ,Learning Disabilities,Dudley,01384 573110,swiss.house@select-group.co.uk,https://www.wmca.care/hmfc/directory/carehomes/dudley/dp/51
122,Tudor Manor,2 Brook Street,Not Specified,CH Town,DY8 3XF,Not Specified,Dudley,01384 379165,Tudormanorelaine@gmail.com,https://www.wmca.care/hmfc/directory/carehomes/dudley/dp/52
123,Two Gates House,40-44 Two Gates Lane,Colley Gate,CH Town,B63 2LJ,Not Specified,Dudley,01384 567448,info@twogateshouse.co.uk,https://www.wmca.care/hmfc/directory/carehomes/dudley/dp/53
124,Village Nursing Home (the),190 Commonside,Pensnett,CH Town,DY5 4AA,Nursing,Dudley,01384 884499,manager@thevillagenursinghome.co.uk,https://www.wmca.care/hmfc/directory/carehomes/dudley/dp/54
125,Woodlands (Stourbridge),66 Bridle Road,Not Specified,CH Town,DY8 4QE,Not Specified,Dudley,01384 394851,woodlandsres@virginmedia.com,https://www.wmca.care/hmfc/directory/carehomes/dudley/dp/55
126,Woodlands Gate Rest Home,12 Dingle Road,Pedmore,CH Town,DY9 0RS,Not Specified,Dudley,01562 885546,Not Specified,https://www.wmca.care/hmfc/directory/carehomes/dudley/dp/56
127,Woodview House Nursing Home,Waugh Drive,"Hagley Road, Hayley Green",CH Town,B63 1EN,Nursing,Dudley,0121 5856440,woodview.manager@shaw.co.uk,https://www.wmca.care/hmfc/directory/carehomes/dudley/dp/57
128,Wychbury Care Home,350-352 Hagley Road,Pedmore,CH Town,DY9 0QY,Residential Care,Dudley,01562 885106,enquiries@wychcare.com,https://www.wmca.care/hmfc/directory/carehomes/dudley/dp/58
129,Wyncroft House,16 Moss Grove,Not Specified,CH Town,DY6 9HU,Nursing,Dudley,01384 291688,manager@wyncrofthouse.co.uk,https://www.wmca.care/hmfc/directory/carehomes/dudley/dp/59
130,Birchams Grange,Clenchers Lane,Eastnor,CH Town,HR8 1RW,Not Specified,Herefordshire,01531 632925,jane@haswellhealthcare.com,https://www.wmca.care/hmfc/directory/carehomes/herefordshire/dp/1
131,Brockhampton Court Nursing Home,Brockhampton,Not Specified,CH Town,HR1 4TQ,Nursing,Herefordshire,01989 740239,charlene@brockhamptoncourt.co.uk,https://www.wmca.care/hmfc/directory/carehomes/herefordshire/dp/2
132,Charnwood Country Residential,Much Dewchurch,King's Thorn,CH Town,HR2 8DL,Not Specified,Herefordshire,01981 540291,charnwood@herefordshirecarehomes.com,https://www.wmca.care/hmfc/directory/carehomes/herefordshire/dp/3
133,Coldwells House & The Stables,Coldwell's Road,Holmer,CH Town,HR1 1LH,Nursing,Herefordshire,01432 272414,coldwellhouse@herefordshirecarehomes.com,https://www.wmca.care/hmfc/directory/carehomes/herefordshire/dp/4
134,Dulas Court,Dulas,Ewyas Harold,CH Town,HR2 0HL,Not Specified,Herefordshire,01981 240214,dulascourt@herefordshirecarehomes.com,https://www.wmca.care/hmfc/directory/carehomes/herefordshire/dp/5
135,Evendine House Residential Home,Evendine House,"Evendine Lane, Colwall",CH Town,WR13 6DT,Dementia,Herefordshire,01684 540225,Not Specified,https://www.wmca.care/hmfc/directory/carehomes/herefordshire/dp/6
136,Field Farm House Residential,Hampton Bishop,Not Specified,CH Town,HR1 4JP,Nursing,Herefordshire,01432 273064,manager@fieldfarmhouse.net,https://www.wmca.care/hmfc/directory/carehomes/herefordshire/dp/7
137,Forbury The,Church Street,Not Specified,CH Town,HR6 8NQ,Dementia,Herefordshire,01568 613877,gen.forbury@gmail.com,https://www.wmca.care/hmfc/directory/carehomes/herefordshire/dp/8
138,Froome Bank,Tower Hill,Not Specified,CH Town,HR7 4DF,Not Specified,Herefordshire,01885 483469,froome.bank@shaw.co.uk,https://www.wmca.care/hmfc/directory/carehomes/herefordshire/dp/9
139,Garth Care Home The,The Square,Not Specified,CH Town,HR5 3BA,Nursing,Herefordshire,01544 230502,enquiries@garthcareservices.co.uk,https://www.wmca.care/hmfc/directory/carehomes/herefordshire/dp/10
140,Hazelhurst Nursing Home,Bishopswood,Not Specified,CH Town,HR9 5QX,Nursing,Herefordshire,01600 890600,hazelhurst@herefordshirecarehomes.com,https://www.wmca.care/hmfc/directory/carehomes/herefordshire/dp/11
141,Highwell House,32 Highwell Lane,Not Specified,CH Town,HR7 4DG,Nursing,Herefordshire,01885 488282,highwellhouse@herefordshirecarehomes.com,https://www.wmca.care/hmfc/directory/carehomes/herefordshire/dp/12
142,Hillside Care Centre,9 Pentwyn Avenue,Not Specified,CH Town,HR2 7LB,Not Specified,Herefordshire,01432 261627,Not Specified,https://www.wmca.care/hmfc/directory/carehomes/herefordshire/dp/13
143,Hillside Care Centre (alt service use other Hillside Care Centre),9 Pentwyn Avenue,Not Specified,CH Town,HR2 7LB,Not Specified,Herefordshire,01432 261627,Not Specified,https://www.wmca.care/hmfc/directory/carehomes/herefordshire/dp/14
144,Holmer Care Centre,Leominster Road,Holmer,CH Town,HR4 9RG,Nursing,Herefordshire,01432 344012,manager@holmernursinghome.com,https://www.wmca.care/hmfc/directory/carehomes/herefordshire/dp/15
145,Holmer Court,Attwood Lane,Not Specified,CH Town,HR1 1LJ,Dementia,Herefordshire,01432 351335,rspalding@ashberry.net,https://www.wmca.care/hmfc/directory/carehomes/herefordshire/dp/16
146,Hoople Ltd,Plough Lane,Not Specified,CH Town,HR4 0LE,Learning Disabilities,Herefordshire,01432 383678,enquires@hoopleltd.co.uk,https://www.wmca.care/hmfc/directory/carehomes/herefordshire/dp/17
147,Ledbury Intermediate Care Unit,Ledbury Community Health & Care Centre,Market Street,CH Town,HR8 2AQ,Nursing,Herefordshire,01531 637600,ledbury.icumanager@shaw.co.uk,https://www.wmca.care/hmfc/directory/carehomes/herefordshire/dp/18
148,Ledbury Nursing Home,Ledbury Community Health & Care Centre,Market Street,CH Town,HR8 2AQ,Nursing,Herefordshire,01531 637600,ledburynhm@shaw.co.uk,https://www.wmca.care/hmfc/directory/carehomes/herefordshire/dp/19
149,Market Lodge,Ledbury Community Health & Care Centre,Market Street,CH Town,HR8 2AQ,Nursing,Herefordshire,01531 637618,Not Specified,https://www.wmca.care/hmfc/directory/carehomes/herefordshire/dp/20
150,Moor Court (Innovation Care),Moor Court Residential Home,Bodenham,CH Town,HR1 3HW,Learning Disabilities,Herefordshire,01568 797461,moor-court@btconnect.com,https://www.wmca.care/hmfc/directory/carehomes/herefordshire/dp/21
151,Newstead House,43 Venns Lane,Not Specified,CH Town,HR1 1DT,Nursing,Herefordshire,01432 263131,Not Specified,https://www.wmca.care/hmfc/directory/carehomes/herefordshire/dp/22
152,Old Court Barn,Old Court Barn,Lumber Lane,CH Town,HR1 4AQ,Learning Disabilities,Herefordshire,01432 851260,oldcourtbarn@hotmail.co.uk,https://www.wmca.care/hmfc/directory/carehomes/herefordshire/dp/23
153,Orchard House,The Walk,Withington,CH Town,HR1 3PR,Not Specified,Herefordshire,01432 850671,orchard.house@shaw.co.uk,https://www.wmca.care/hmfc/directory/carehomes/herefordshire/dp/24
154,Venns Lane Care Home,47 Venns Lane,Not Specified,CH Town,HR1 1DT,Dementia,Herefordshire,01432 345181,info@vennslane.co.uk,https://www.wmca.care/hmfc/directory/carehomes/herefordshire/dp/25
155,Waverley House,Etnam Street,Not Specified,CH Town,HR6 8AQ,Nursing,Herefordshire,01568 612126,waverley.house@shaw.co.uk,https://www.wmca.care/hmfc/directory/carehomes/herefordshire/dp/26
156,West Eaton House,West Eaton House,Worcester Road,CH Town,HR6 0QJ,Nursing,Herefordshire,01568 610395,roddyf@heritagemanor.co.uk,https://www.wmca.care/hmfc/directory/carehomes/herefordshire/dp/27
157,Whitegates,25 Hereford Road,Not Specified,CH Town,HR7 4ES,Dementia,Herefordshire,01885 482437,whitegates@herefordshirecarehomes.com,https://www.wmca.care/hmfc/directory/carehomes/herefordshire/dp/28
158,Wykenhurst,17-19 Baggallay Street,Not Specified,CH Town,HR4 0DZ,Dementia,Herefordshire,01432 278435,info@wykenhurst.co.uk,https://www.wmca.care/hmfc/directory/carehomes/herefordshire/dp/29
159,Ash lodge Nursing Home,Londonderry Lane,Not Specified,CH Town,B67 7EL,Nursing,Sandwell,0121 5589808,admin@carefirstgroup.co.uk,https://www.wmca.care/hmfc/directory/carehomes/sandwell/dp/1
160,Bartholamew Lodge,1 Trouse Lane,Not Specified,CH Town,WS10 7HR,Nursing,Sandwell,0121 5021606,bartholamew@rdcpcare.com,https://www.wmca.care/hmfc/directory/carehomes/sandwell/dp/2
161,Bearwood Nursing Home,86 Bearwood Road,Not Specified,CH Town,B66 4HN,Nursing,Sandwell,0121 558 8509,bearwood@rdcpcare.com,https://www.wmca.care/hmfc/directory/carehomes/sandwell/dp/3
162,Beechcroft Residential Home,Salop Drive,Not Specified,CH Town,B68 9AG,Not Specified,Sandwell,0121 4292993,chris.lawton@carltoncaregroup.co.uk,https://www.wmca.care/hmfc/directory/carehomes/sandwell/dp/4
163,Beeches The,17 Waterfall Lane,Not Specified,CH Town,B65 0BL,Not Specified,Sandwell,0121 5595055,southside.care@btconnect.com,https://www.wmca.care/hmfc/directory/carehomes/sandwell/dp/5
164,Caldene Rest Home,27-29 Beeches Road,Not Specified,CH Town,B70 6QE,Not Specified,Sandwell,0121 5005664,caldeneresthome@btconnect.com,https://www.wmca.care/hmfc/directory/carehomes/sandwell/dp/6
165,Chance Drive,1 Chance Drive,Not Specified,CH Town,B66 1TT,Learning Disabilities,Sandwell,0121 3575049,Not Specified,https://www.wmca.care/hmfc/directory/carehomes/sandwell/dp/7
166,Churchfield Court,236 All Saints Way,Not Specified,CH Town,B71 1RR,Not Specified,Sandwell,0121 5885450,churchfieldcourt@hotmail.co.uk,https://www.wmca.care/hmfc/directory/carehomes/sandwell/dp/8
167,Conway House,44 George Road,Not Specified,CH Town,B68 9LH,Learning Disabilities,Sandwell,0121 5521882,conwayhouse44@yahoo.com,https://www.wmca.care/hmfc/directory/carehomes/sandwell/dp/9
168,Gable Healthcare Services,Moulton Park Business Centre,Redhouse Road,CH Town,NN3 6AQ,Supported Living,Sandwell,0800 1337 566,info@gablehealthcare.co.uk,https://www.wmca.care/hmfc/directory/carehomes/sandwell/dp/10
169,Gables The (Oldbury),1595 Wolverhampton Road,Not Specified,CH Town,B69 2BJ,Nursing,Sandwell,0121 5443988,kerryjackson@thegablesnursinghome.co.uk,https://www.wmca.care/hmfc/directory/carehomes/sandwell/dp/11
170,Haven,"The Haven, Newbury Walk",Not Specified,CH Town,B65 9DF,Learning Disabilities,Sandwell,Not Specified,Not Specified,https://www.wmca.care/hmfc/directory/carehomes/sandwell/dp/12
171,Hill Top Lodge,93-95 Hill Top,Not Specified,CH Town,B70 0PX,Not Specified,Sandwell,0121 5563322,hilltop@pressbeau.co.uk,https://www.wmca.care/hmfc/directory/carehomes/sandwell/dp/13
172,Inshore Support Limited - 1 Whitehall Road,1 Whitehall Road,Not Specified,CH Town,B64 5BG,Supported Living,Sandwell,01384 357933,Not Specified,https://www.wmca.care/hmfc/directory/carehomes/sandwell/dp/14
173,Inshore Support Limited - 10 Beeches Road,Beeches Road,Not Specified,CH Town,B65 0BB,Supported Living,Sandwell,0121 5594384,Not Specified,https://www.wmca.care/hmfc/directory/carehomes/sandwell/dp/15
174,Inshore Support Limited - 5 Trinity Street,5 Trinity Street,Not Specified,CH Town,B64 6HT,Supported Living,Sandwell,01384 823048,Not Specified,https://www.wmca.care/hmfc/directory/carehomes/sandwell/dp/16
175,Karenza,14 Waterfall Lane,Not Specified,CH Town,B65 0BL,Not Specified,Sandwell,0121 5611737,janet@jwcare.co.uk,https://www.wmca.care/hmfc/directory/carehomes/sandwell/dp/17
176,Leabrook House,180-181 Leabrook Road,Ocker Hill,CH Town,DY4 0DY,Nursing,Sandwell,0121 5565685,Leabrookhouse1@yahoo.com,https://www.wmca.care/hmfc/directory/carehomes/sandwell/dp/18
177,Newbury Manor Care Home (Superior Care),Newbury Lane,Not Specified,CH Town,B69 1HE,Nursing,Sandwell,0121 5321632,manager@newburyhome.co.uk,https://www.wmca.care/hmfc/directory/carehomes/sandwell/dp/19
178,Poplars The,66 South Road,Smethwick,CH Town,B67 7BP,Nursing,Sandwell,0121 5580962,manager@poplarscare.co.uk,https://www.wmca.care/hmfc/directory/carehomes/sandwell/dp/20
179,Portway House Specialist Centre,Newbury Lane,Not Specified,CH Town,B69 1HE,Nursing,Sandwell,0121 7400738,admin@portwayhouse.co.uk,https://www.wmca.care/hmfc/directory/carehomes/sandwell/dp/21
180,Princess Lodge Care Home,11 High Street,Princes End,CH Town,DY4 9HU,Nursing,Sandwell,0121 5571176,Luanne@friendlycare.co.uk,https://www.wmca.care/hmfc/directory/carehomes/sandwell/dp/22
181,Richmond Court ( WB ),33-35 Beeches Road,Not Specified,CH Town,B70 6QE,Not Specified,Sandwell,0121 5005448,richmond@rdcpcare.com,https://www.wmca.care/hmfc/directory/carehomes/sandwell/dp/23
182,Shrubbery The,33 Woodgreen Road,Not Specified,CH Town,WS10 9QL,Not Specified,Sandwell,0121 5568899,joy@winchester-care.co.uk,https://www.wmca.care/hmfc/directory/carehomes/sandwell/dp/24
183,Tendercare Home Ltd,237-239 Oldbury Road,Not Specified,CH Town,B65 0PP,Not Specified,Sandwell,0121 5614984,tendercarehomeltd@hotmail.com,https://www.wmca.care/hmfc/directory/carehomes/sandwell/dp/25
184,Valley Court Care Home,Valley Road,Not Specified,CH Town,B64 7LT,Nursing,Sandwell,01384 411477,admin.valleycourt@mwphillips.co.uk,https://www.wmca.care/hmfc/directory/carehomes/sandwell/dp/26
185,Whitehall Lodge Res Care Home,109 Whitehall Road,Not Specified,CH Town,B70 0HG,Learning Disabilities,Sandwell,0121 5326003,p.gunputh@btopenworld.com,https://www.wmca.care/hmfc/directory/carehomes/sandwell/dp/27
186,Willows The (Birmingham),170 Newton Road,Great Barr,CH Town,B43 6BU,Learning Disabilities,Sandwell,0121 3570124,karen.godwin@willowscare.co.uk,https://www.wmca.care/hmfc/directory/carehomes/sandwell/dp/28
187,Woodgreen Nursing Home,27 Wood Green Road,Not Specified,CH Town,WS10 9AX,Nursing,Sandwell,0121 5560381,chris@friendlycare.co.uk,https://www.wmca.care/hmfc/directory/carehomes/sandwell/dp/29
188,Birchmere House Care Home,1270 Warwick Road,Knowle,CH Town,B93 9LQ,Nursing,Solihull,01564 732400,birchmerehouse.admin@averyhealthcare.co.uk,https://www.wmca.care/hmfc/directory/carehomes/solihull/dp/1
189,Birchmere Mews,1270 Warwick Road,Knowle,CH Town,B93 9LQ,Dementia,Solihull,01564 732660,Not Specified,https://www.wmca.care/hmfc/directory/carehomes/solihull/dp/2
190,Birchmere Mews (alt service use other Birchmere Mews),1270 Warwick Road,Knowle,CH Town,B93 9LQ,Dementia,Solihull,01564 732660,Not Specified,https://www.wmca.care/hmfc/directory/carehomes/solihull/dp/3
191,Blossomfield Rose Care Home,Blossomfield Road,Blossomfield Park,CH Town,B91 1FN,Nursing,Solihull,0121 796 6490,blossomfieldrose.manager@macccare.com,https://www.wmca.care/hmfc/directory/carehomes/solihull/dp/4
192,Blythe Rose Care Home,Woodview Rise,Blythe Valley Park,CH Town,B90 8DQ,Dementia,Solihull,0330 107 5947,info@blytherose.co.uk,https://www.wmca.care/hmfc/directory/carehomes/solihull/dp/5
193,Connaught House Care Home,The Green,Stratford Road,CH Town,B90 4LA,Not Specified,Solihull,0121 5141051,joy@restfulhomes.co.uk,https://www.wmca.care/hmfc/directory/carehomes/solihull/dp/6
194,Eastcote Park Care Home,Knowle Road,Eastcote,CH Town,B92 0JA,Dementia,Solihull,0121 2691236,eastcote@cinnamoncc.com,https://www.wmca.care/hmfc/directory/carehomes/solihull/dp/7
195,Elmdon House,190 Elmdon Lane,Marston green,CH Town,B37 7EB,Learning Disabilities,Solihull,0121 7888356,Not Specified,https://www.wmca.care/hmfc/directory/carehomes/solihull/dp/8
196,Foundation of Lady Katherine Leveson The,Masters House,"Kenilworth Road, Knowle",CH Town,B93 0AL,Not Specified,Solihull,01564 772850,tblancaflor@leveson.org.uk,https://www.wmca.care/hmfc/directory/carehomes/solihull/dp/9
197,Jobs Close Residential Home,Lodge Road,Knowle,CH Town,B93 0HF,Not Specified,Solihull,01564 773499,enquiries@jobsclose.org.uk,https://www.wmca.care/hmfc/directory/carehomes/solihull/dp/10
198,Knowle Gate Care Home,1331 Warwick Road,Knowle,CH Town,B93 9LW,Nursing,Solihull,01564 332233,Maria.Willis@averyhealthcare.co.uk,https://www.wmca.care/hmfc/directory/carehomes/solihull/dp/11
199,Knowle Gate Care Home (alt service use other Knowle Gate),1331 Warwick Road,Knowle,CH Town,B93 9LW,Nursing,Solihull,01564 332233,Maria.Willis@averyhealthcare.co.uk,https://www.wmca.care/hmfc/directory/carehomes/solihull/dp/12
200,Lyndon Croft Care Centre,144 Ulleries road,Not Specified,CH Town,B92 8ED,Dementia,Solihull,0121 7423562,lyndoncroft@prime-life.co.uk,https://www.wmca.care/hmfc/directory/carehomes/solihull/dp/13
201,Lynncare 2000 Limited,573 Chester Road,Kingshurst,CH Town,B36 0JU,Learning Disabilities,Solihull,0121 7794821,Not Specified,https://www.wmca.care/hmfc/directory/carehomes/solihull/dp/14
202,Maples Residential Care Home Ltd The,10 Maple Leaf Drive,Marston Green,CH Town,B37 7JB,Learning Disabilities,Solihull,0121 7708931,Management@themaplescare.com,https://www.wmca.care/hmfc/directory/carehomes/solihull/dp/15
203,Prince of Wales Nursing Home,246 Prince of Wales Lane,Solihull Lodge,CH Town,B14 4LJ,Nursing,Solihull,0121 4366464,Not Specified,https://www.wmca.care/hmfc/directory/carehomes/solihull/dp/16
204,Rayner House & Yew Trees Ltd,3-5 Damson Parkway,Not Specified,CH Town,B91 2PP,Not Specified,Solihull,0121 7059293,businessmanager@raynerhouse.co.uk,https://www.wmca.care/hmfc/directory/carehomes/solihull/dp/17
205,St Bernards Residential Care Home,76 St Bernards Road,Olton,CH Town,B92 7BP,Dementia,Solihull,0121 7080177,info@stbernardscare.co.uk,https://www.wmca.care/hmfc/directory/carehomes/solihull/dp/18
206,St George's Home,116 Marshall Lake Road,Shirley,CH Town,B90 4PW,Not Specified,Solihull,0121 7454955,info@stgeorgeshome.co.uk,https://www.wmca.care/hmfc/directory/carehomes/solihull/dp/19
207,St Michael's Home (Solihull),251 Warwick Road,Olton,CH Town,B92 7AH,Not Specified,Solihull,0121 7079697,info@stmichaelshome.co.uk,https://www.wmca.care/hmfc/directory/carehomes/solihull/dp/20
208,Swallows Meadow Court,33 Swallows Meadow,Shirley,CH Town,B90 4PH,Nursing,Solihull,0121 746 6000,SMNHreception@solihullcare.co.uk,https://www.wmca.care/hmfc/directory/carehomes/solihull/dp/21
209,Tanworth Court Nursing Home,Tanworth Court Nursing Home,"Tanworth Lane, Shirley",CH Town,B90 4DD,Nursing,Solihull,0121 3892266,tanworthcourt@prime-life.co.uk,https://www.wmca.care/hmfc/directory/carehomes/solihull/dp/22
210,Tudor Coppice (Royal Star and Garter),Tudor Coppice,Monkspath Hall Road,CH Town,B91 3DE,Nursing,Solihull,0121 7116330,amie.stubbs@starandgarter.org,https://www.wmca.care/hmfc/directory/carehomes/solihull/dp/23
211,Aldridge Court Nursing Home,Little Aston Road,Aldridge,CH Town,WS9 0NN,Nursing,Walsall,01922 455731,amy.purewal@aldridgecourt.co.uk,https://www.wmca.care/hmfc/directory/carehomes/walsall/dp/1
212,Anson Court,Harden Road,Bloxwich,CH Town,WS3 1BT,Not Specified,Walsall,01922 409444,hwhitehouse@capitalcaregroup.co.uk,https://www.wmca.care/hmfc/directory/carehomes/walsall/dp/2
213,Bush Home Ltd,37-39 Bush Street,Not Specified,CH Town,WS10 8LE,Not Specified,Walsall,0121 5265914,bushresidential@hotmail.co.uk,https://www.wmca.care/hmfc/directory/carehomes/walsall/dp/3
214,Castlehill Specialist Care Centre,390 Chester Road,Stonnall,CH Town,WS9 9DE,Nursing,Walsall,01543 331909,deb@resfulhomes.co.uk,https://www.wmca.care/hmfc/directory/carehomes/walsall/dp/4
215,Cottage Nursing Home,57-58 Blakenall Heath,Bloxwich,CH Town,WS3 1HS,Nursing,Walsall,01922 712610,sherlock12@btconnect.com,https://www.wmca.care/hmfc/directory/carehomes/walsall/dp/5
216,Drake Court,Drake Close,Bloxwich,CH Town,WS3 3LW,Not Specified,Walsall,01922 476060,drakecourtrh@hotmail.co.uk,https://www.wmca.care/hmfc/directory/carehomes/walsall/dp/6
217,Ebenezer House,85 Bilston Lane,Not Specified,CH Town,WV13 2LJ,Learning Disabilities,Walsall,01902 606535,samantha.killian@dignushealthcare.com,https://www.wmca.care/hmfc/directory/carehomes/walsall/dp/7
218,Harmony Care Home - Highgate Road,91 Highgate Road,Not Specified,CH Town,WS1 3JA,Learning Disabilities,Walsall,01922 474336,fredc@btinternet.com,https://www.wmca.care/hmfc/directory/carehomes/walsall/dp/8
219,Hawthorns Aldridge Care Home,Erdington Road,Aldridge,CH Town,WS9 8UH,Not Specified,Walsall,01922 451882,katie.gilligan@averyhealthcare.co.uk,https://www.wmca.care/hmfc/directory/carehomes/walsall/dp/9
220,Homestead Services Ltd,208 Ogley Road,Not Specified,CH Town,WS8 6AN,Not Specified,Walsall,01543 360120,homestead@kpsk.care,https://www.wmca.care/hmfc/directory/carehomes/walsall/dp/10
221,Kingsway Care Home,69 Bilston Lane,Not Specified,CH Town,WV13 2LJ,Learning Disabilities,Walsall,01902 411890,kingelshaddai@gmail.com,https://www.wmca.care/hmfc/directory/carehomes/walsall/dp/11
222,Oak Lodge Residential Home,1A Adams Road,Shire Oak,CH Town,WS8 7AL,Not Specified,Walsall,01543 372078,oaklodge1a@yahoo.co.uk,https://www.wmca.care/hmfc/directory/carehomes/walsall/dp/12
223,Pelsall Hall,Paradise Lane,Pelsall,CH Town,WS3 4JW,Not Specified,Walsall,01922 693399,wendy.clifton@greensleeves.org.uk,https://www.wmca.care/hmfc/directory/carehomes/walsall/dp/13
224,Rushall Care Centre,204 Lichfield Road,Not Specified,CH Town,WS4 1SA,Nursing,Walsall,01922 635328,Rushall@navigationcare.co.uk,https://www.wmca.care/hmfc/directory/carehomes/walsall/dp/14
225,School House,2 Hawbush Road,Hawbush Road,CH Town,WS3 1AG,Learning Disabilities,Walsall,0121 3575049,admin@dignushealthcare.com,https://www.wmca.care/hmfc/directory/carehomes/walsall/dp/15
226,Willow Rose Care Home,10 Stroud Avenue,Short Heath,CH Town,WV12 4ET,Not Specified,Walsall,01922 270920,willow.admin@macccare.com,https://www.wmca.care/hmfc/directory/carehomes/walsall/dp/16
227,Rowanbrook Care Home,300-310 Wolverhampton Road West,Not Specified,CH Town,WS2 0DS,Dementia,Walsall,01902 931200,adminmanager@rowanbrookcarehome.co.uk,https://www.wmca.care/hmfc/directory/carehomes/walsall/dp/17
228,Eversleigh Nursing Home,2-4 Clarendon Place,Not Specified,CH Town,CV32 5QN,Nursing,Warwickshire,01926 424431,office@eversleighnursinghome.co.uk,https://www.wmca.care/hmfc/directory/carehomes/warwickshire/dp/1
229,Gainsborough Hall Care Home,Russell Street,Not Specified,CH Town,CV32 5QB,Not Specified,Warwickshire,01926 680810,Zoe@restfulhomes.co.uk,https://www.wmca.care/hmfc/directory/carehomes/warwickshire/dp/2
230,Haven (The) Nursing Home,New Road,Ash Green,CH Town,CV7 9AS,Nursing,Warwickshire,02476 368100,office@thehavennursinghome.co.uk,https://www.wmca.care/hmfc/directory/carehomes/warwickshire/dp/3
231,Lanesborough House Care Home,Lanesborough House,"Birmingham Road, Coleshill",CH Town,B46 1DJ,Not Specified,Warwickshire,01675 661041,Lanesboroughhouse@restfulhomes.co.uk,https://www.wmca.care/hmfc/directory/carehomes/warwickshire/dp/4
232,Orton Manor Nursing Home,64-70 Birmingham Road,Water Orton,CH Town,B46 1TH,Nursing,Warwickshire,0121 7494209,ortonmanor@gmail.com,https://www.wmca.care/hmfc/directory/carehomes/warwickshire/dp/5
233,Studley Rose Care Home,Pool Road,Not Specified,CH Town,B80 7QU,Nursing,Warwickshire,07483 046156,studleyrose.manager@macccare.com,https://www.wmca.care/hmfc/directory/carehomes/warwickshire/dp/6
234,Aldergrove Manor nursing home,280A Penn Road,Penn,CH Town,WV4 4AD,Nursing,Wolverhampton,01902 621840,aldergrovemanor.manager@hc-one.co.uk,https://www.wmca.care/hmfc/directory/carehomes/wolverhampton/dp/1
235,Arbour Lodge,92 Richmond Road,Compton,CH Town,WV3 9JJ,Not Specified,Wolverhampton,01902 771136,caremanager@arbourlodge.co.uk,https://www.wmca.care/hmfc/directory/carehomes/wolverhampton/dp/2
236,Arden Manor Care Home,67-69 Birmingham New Road,Lanesfield,CH Town,WV4 6BP,Not Specified,Wolverhampton,01902 498820,arden.manor@yahoo.co.uk,https://www.wmca.care/hmfc/directory/carehomes/wolverhampton/dp/3
237,Ashley Court Care Home,251 Penn Road,Penn,CH Town,WV4 5SF,Not Specified,Wolverhampton,01902 335584,ashleycourtcare@hotmail.co.uk,https://www.wmca.care/hmfc/directory/carehomes/wolverhampton/dp/4
238,Aspen lodge,Upper Zoar Street,Not Specified,CH Town,WV3 0JH,Not Specified,Wolverhampton,01902 444069,aspen@angelcarehomes.co.uk,https://www.wmca.care/hmfc/directory/carehomes/wolverhampton/dp/5
239,Atholl House,98-100 Richmond Road,Compton,CH Town,WV3 9JJ,Nursing,Wolverhampton,01902 599900,enquiries@athollhousenh.co.uk,https://www.wmca.care/hmfc/directory/carehomes/wolverhampton/dp/6
240,Belvidere Court Nursing Home,Woodcross Street,Bilston,CH Town,WV14 9RT,Nursing,Wolverhampton,01902 662166,manager@belviderecourt.com,https://www.wmca.care/hmfc/directory/carehomes/wolverhampton/dp/7
241,Bethrey House,43 Goldthorn Hill,Penn,CH Town,WV2 3HR,Not Specified,Wolverhampton,01902 338213,bethrey@qualityhomesuk.com,https://www.wmca.care/hmfc/directory/carehomes/wolverhampton/dp/8
242,Caram Ltd (HQ),Atholl House Nursing Home,"98-100 Richmond Road, Compton",CH Town,WV3 9JJ,Not Specified,Wolverhampton,Not Specified,Not Specified,https://www.wmca.care/hmfc/directory/carehomes/wolverhampton/dp/9
243,Charnwood,7 Finchfield Road,Finchfield,CH Town,WV3 9LS,Not Specified,Wolverhampton,01902 424579,caremanager@charnwoodcare.co.uk,https://www.wmca.care/hmfc/directory/carehomes/wolverhampton/dp/10
244,Coach House The,60 Goldthorn Hill,Not Specified,CH Town,WV2 3HU,Learning Disabilities,Wolverhampton,01902 343000,coachhousecare@select-group.co.uk,https://www.wmca.care/hmfc/directory/carehomes/wolverhampton/dp/11
245,Coachmans Cottage,168B Goldthorn Hill,Penn,CH Town,WV2 4PR,Not Specified,Wolverhampton,01902 621010,Not Specified,https://www.wmca.care/hmfc/directory/carehomes/wolverhampton/dp/12
246,Coton Grange,Stockwell End,Tettenhall,CH Town,WV6 9PH,Not Specified,Wolverhampton,01902 757785,info@cotongrange.co.uk,https://www.wmca.care/hmfc/directory/carehomes/wolverhampton/dp/13
247,Croft Residential Home,20 Castlecroft Road,Finchfield,CH Town,WV3 8BT,Not Specified,Wolverhampton,01902 380022,manager@croftresidentialhome.co.uk,https://www.wmca.care/hmfc/directory/carehomes/wolverhampton/dp/14
248,East Park Court Residential Care Home,29 Holloway Street,Bilston,CH Town,WV1 2SY,Dementia,Wolverhampton,01902 494525,joanne.hollington@sanctuary-housing.co.uk,https://www.wmca.care/hmfc/directory/carehomes/wolverhampton/dp/15
249,Elms Residential Home The,13 Regent Street,Not Specified,CH Town,WV14 6AP,Not Specified,Wolverhampton,01902 491890,theelmsresidential@outlook.com,https://www.wmca.care/hmfc/directory/carehomes/wolverhampton/dp/16
250,Eversleigh Care Centre,52-62 Albert Road,West Park,CH Town,WV6 0AF,Nursing,Wolverhampton,01902 426323,office@eversleighcarecentre.co.uk,https://www.wmca.care/hmfc/directory/carehomes/wolverhampton/dp/17
251,Glenthorne House Residential Home Ltd,2 Dover Street,Wolverhampton,CH Town,WV14 6AL,Not Specified,Wolverhampton,01902 491633,gcs_ltd@outlook.com,https://www.wmca.care/hmfc/directory/carehomes/wolverhampton/dp/18
252,Goldthorn Lodge,10 Needwood Close,Penn,CH Town,WV2 4PP,Learning Disabilities,Wolverhampton,01902 621010,Chris.smith@goldthornldoge.co.uk,https://www.wmca.care/hmfc/directory/carehomes/wolverhampton/dp/19
253,Inshore Support Limited - 110 Wellington Road,110 Wellington Road,Bilston,CH Town,WV14 6AZ,Supported Living,Wolverhampton,01902 354481,bhanishawhiting@inshoresupportltd.co.uk,https://www.wmca.care/hmfc/directory/carehomes/wolverhampton/dp/20
254,Inspirations residential care home,171 Tettenhall Road,Tettenhall,CH Town,WV6 0BZ,Not Specified,Wolverhampton,01902 710938,admin@inspirationsch.co.uk,https://www.wmca.care/hmfc/directory/carehomes/wolverhampton/dp/21
255,Knoll House,The Avenue,Penn,CH Town,WV4 5HW,Nursing,Wolverhampton,01902 330559,knollmanager@edgeviewhomes.co.uk,https://www.wmca.care/hmfc/directory/carehomes/wolverhampton/dp/22
256,Langdale and Keswick (Parkfields),15-17 Parkfields Crescent,Parkfields,CH Town,WV2 2DF,Not Specified,Wolverhampton,01902 405031,rachel.craven@jaffraycare.com,https://www.wmca.care/hmfc/directory/carehomes/wolverhampton/dp/23
257,Lavender Court Care Home,556 - 558 Wolverhampton Road East,Parkfields,CH Town,WV4 6AA,Nursing,Wolverhampton,01902 621721,karelinkwolverhampton@gmail.com,https://www.wmca.care/hmfc/directory/carehomes/wolverhampton/dp/24
258,Leylands The,227 Penn Road,Penn,CH Town,WV4 5TX,Not Specified,Wolverhampton,01902 340256,leylands@angelcarehomes.co.uk,https://www.wmca.care/hmfc/directory/carehomes/wolverhampton/dp/25
259,Meadowcroft Residential Care Home,197-199 Bushbury Lane,Bushbury,CH Town,WV10 9TY,Not Specified,Wolverhampton,01902 307170,Not Specified,https://www.wmca.care/hmfc/directory/carehomes/wolverhampton/dp/26
260,Mountfield House Care Home,286 Penn Road,Penn,CH Town,WV4 4AD,Not Specified,Wolverhampton,01902 330017,mountfieldhouse@googlemail.com,https://www.wmca.care/hmfc/directory/carehomes/wolverhampton/dp/27
261,Newbridge House,261 Tettenhall Road,Not Specified,CH Town,WV6 0DE,Not Specified,Wolverhampton,01902 751092,nicola@newbridgecarehome.co.uk,https://www.wmca.care/hmfc/directory/carehomes/wolverhampton/dp/28
262,Newlyn Court,Merstone Close,Bilston,CH Town,WV14 0LR,Nursing,Wolverhampton,01902 408111,anarwal.newlyncourt@gmail.com,https://www.wmca.care/hmfc/directory/carehomes/wolverhampton/dp/29
263,Oaks Court,Oaks Crescent,Not Specified,CH Town,WV3 9SA,Not Specified,Wolverhampton,01902 715266,oakscourt@qualityhomesuk.com,https://www.wmca.care/hmfc/directory/carehomes/wolverhampton/dp/30
264,Orchard House Nursing Home (Wton),16-18 Riley Crescent,Penn,CH Town,WV3 7DS,Dementia,Wolverhampton,01902 653500,anita@firstcareservices.co.uk,https://www.wmca.care/hmfc/directory/carehomes/wolverhampton/dp/31
265,Parkdale Care Home,91 Tettenhall Road,Chapel Ash,CH Town,WV3 9PG,Not Specified,Wolverhampton,01902 710581,sarj@parkdalecarehome.com,https://www.wmca.care/hmfc/directory/carehomes/wolverhampton/dp/32
266,Penn House Residential Care Home,169-171 Penn Road,Not Specified,CH Town,WV3 0EQ,Not Specified,Wolverhampton,01902 345470,penn169@hotmail.co.uk,https://www.wmca.care/hmfc/directory/carehomes/wolverhampton/dp/33
267,Royal Park,Major Street,Not Specified,CH Town,WV2 2BL,Nursing,Wolverhampton,01902 870349,RoyalPark@select-group.co.uk,https://www.wmca.care/hmfc/directory/carehomes/wolverhampton/dp/34
268,Waterside House,41 Moathouse Lane West,Not Specified,CH Town,WV11 3HA,Dementia,Wolverhampton,01902 727766,manager.waterside@minstercaregroup.co.uk,https://www.wmca.care/hmfc/directory/carehomes/wolverhampton/dp/35
269,Wellesley House Nursing Home,186 Penn Road,Penn,CH Town,WV3 0EN,Nursing,Wolverhampton,01902 342195,info@wellesley-house.com,https://www.wmca.care/hmfc/directory/carehomes/wolverhampton/dp/36
270,Wentworth Lodge,Wentworth Road,Bushbury,CH Town,WV10 8EH,Not Specified,Wolverhampton,01902 570208,wentworthlodge@blueyonder.co.uk,https://www.wmca.care/hmfc/directory/carehomes/wolverhampton/dp/37
271,Woodfields Residential Care Home,Old Hill,Tettenhall,CH Town,WV6 8QB,Not Specified,Wolverhampton,01902 753221,woodfieldsrh@outlook.com,https://www.wmca.care/hmfc/directory/carehomes/wolverhampton/dp/38
272,Woodlands Quaker Home,434 Penn Road,Penn,CH Town,WV4 4DH,Not Specified,Wolverhampton,01902 341203,andreamason@woodlandsquakerhome.org,https://www.wmca.care/hmfc/directory/carehomes/wolverhampton/dp/39
273,Wulfrun Rose Nursing Home,Underhill,Underhill Lane,CH Town,WV10 8LP,Nursing,Wolverhampton,01902 653284,WR.manager@macccare.com,https://www.wmca.care/hmfc/directory/carehomes/wolverhampton/dp/40
274,Albion Lodge Retirement Home,Hanley Swan,Robert End,CH Town,B9 5EA,Not Specified,Ch Local Authority,01684 310626,CH Email,https://www.wmca.care/hmfc/directory/carehomes/worcestershire/dp/1
275,Astley Hall Nursing Home,Church Lane,Astley,CH Town,B9 5EA,Nursing,Ch Local Authority,01299 827020,CH Email,https://www.wmca.care/hmfc/directory/carehomes/worcestershire/dp/2
276,Austen Court Care Home,Davies Road,Not Specified,CH Town,B9 5EA,Nursing,Ch Local Authority,01386 306570,CH Email,https://www.wmca.care/hmfc/directory/carehomes/worcestershire/dp/3
277,Beechwood,The Beeches,Holly Green,CH Town,B9 5EA,Not Specified,Ch Local Authority,01684 595959,CH Email,https://www.wmca.care/hmfc/directory/carehomes/worcestershire/dp/4
278,Blenheim House (Moundsley),Moundsley Hall Care Village,Walkers Heath Road,CH Town,B9 5EA,Not Specified,Ch Local Authority,0121 4333000,CH Email,https://www.wmca.care/hmfc/directory/carehomes/worcestershire/dp/5
279,Briarlea Care Home,Badsey Road,Not Specified,CH Town,B9 5EA,Not Specified,Ch Local Authority,01386 830214,CH Email,https://www.wmca.care/hmfc/directory/carehomes/worcestershire/dp/6
280,Bryden House Nursing Home,Marlpool Lane,Franche,CH Town,B9 5EA,Nursing,Ch Local Authority,01562 755888,CH Email,https://www.wmca.care/hmfc/directory/carehomes/worcestershire/dp/7
281,Buckingham House (moundsley),Moundsley Hall Care Village,Walkers Heath Road,CH Town,B9 5EA,Not Specified,Ch Local Authority,0121 4333000,CH Email,https://www.wmca.care/hmfc/directory/carehomes/worcestershire/dp/8
282,Casa Mia Care Centre,Casa Mia Cleobury Road,Far Forest,CH Town,B9 5EA,Learning Disabilities,Ch Local Authority,01299 266317,CH Email,https://www.wmca.care/hmfc/directory/carehomes/worcestershire/dp/9
283,Cedar Lodge (Offenham),Main Street,Offenham,CH Town,B9 5EA,Mental Health,Ch Local Authority,01386 446871,CH Email,https://www.wmca.care/hmfc/directory/carehomes/worcestershire/dp/10
284,Chace Rest Home,Chase Road,Upper Welland,CH Town,B9 5EA,Not Specified,Ch Local Authority,01684 561813,CH Email,https://www.wmca.care/hmfc/directory/carehomes/worcestershire/dp/11
285,Coach House Nursing Home,Broome House,"Broome, Clent",CH Town,B9 5EA,Nursing,Ch Local Authority,01562 700417,CH Email,https://www.wmca.care/hmfc/directory/carehomes/worcestershire/dp/12
286,Court House Care Home,3-5 Court Road,Barnards Green,CH Town,B9 5EA,Nursing,Ch Local Authority,01684 572271,CH Email,https://www.wmca.care/hmfc/directory/carehomes/worcestershire/dp/13
287,Fairmont Residential Limited (Kidderminster),144 Chester Road South,Withymoor Village,CH Town,B9 5EA,Learning Disabilities,Ch Local Authority,01562 634324,CH Email,https://www.wmca.care/hmfc/directory/carehomes/worcestershire/dp/14
288,Field House Rest Home,Thicknall Lane (Off Western Road),"Hagley, Clent",CH Town,B9 5EA,Not Specified,Ch Local Authority,01562 885211,CH Email,https://www.wmca.care/hmfc/directory/carehomes/worcestershire/dp/15
289,Firs The (Kidderminster),105 Habberley Road,105 Habberley Road,CH Town,B9 5EA,Not Specified,Ch Local Authority,01562 741358,CH Email,https://www.wmca.care/hmfc/directory/carehomes/worcestershire/dp/16
290,Foresters Nursing Home,Walton Pool,Clent,CH Town,B9 5EA,Nursing,Ch Local Authority,01562 883068,CH Email,https://www.wmca.care/hmfc/directory/carehomes/worcestershire/dp/17
291,Glenfield House Nursing Home Ltd,Middle Lane,Kings Norton,CH Town,B9 5EA,Nursing,Ch Local Authority,01564 823795,CH Email,https://www.wmca.care/hmfc/directory/carehomes/worcestershire/dp/18
292,Grange Hill House,516 Bromsgrove Road,Hunnington,CH Town,B9 5EA,Not Specified,Ch Local Authority,0121 5501312,CH Email,https://www.wmca.care/hmfc/directory/carehomes/worcestershire/dp/19
293,Hawthorns (Evesham),Church Street,Not Specified,CH Town,B9 5EA,Nursing,Ch Local Authority,01386 444330,CH Email,https://www.wmca.care/hmfc/directory/carehomes/worcestershire/dp/20
294,Hernes Nest House (Community World),Herne's Nest,Off Park Lane,CH Town,B9 5EA,Not Specified,Ch Local Authority,01299 402136,CH Email,https://www.wmca.care/hmfc/directory/carehomes/worcestershire/dp/21
295,Herons Park Nursing Home,Heronswood Road,Spennells Wood,CH Town,B9 5EA,Nursing,Ch Local Authority,01562 825814,CH Email,https://www.wmca.care/hmfc/directory/carehomes/worcestershire/dp/22
296,Hopwood Court Retirement Home,Birmingham Road,"Hopwood, Alvechurch",CH Town,B9 5EA,Not Specified,Ch Local Authority,0121 4454743,CH Email,https://www.wmca.care/hmfc/directory/carehomes/worcestershire/dp/23
297,Juniper House,2 Oak View Way,St Johns,CH Town,B9 5EA,Dementia,Ch Local Authority,01905 676950,CH Email,https://www.wmca.care/hmfc/directory/carehomes/worcestershire/dp/24
298,Kenilworth House (moundsley),Moundsley Hall Care Village,Walkers Heath Road,CH Town,B9 5EA,Not Specified,Ch Local Authority,0121 4333000,CH Email,https://www.wmca.care/hmfc/directory/carehomes/worcestershire/dp/25
299,Kensington House (moundsley),Moundsley Hall Care Village,Walkers Heath Road,CH Town,B9 5EA,Not Specified,Ch Local Authority,0121 4333000,CH Email,https://www.wmca.care/hmfc/directory/carehomes/worcestershire/dp/26
300,Lawns Nursing Home The,"33, Main Road",Kempsey,CH Town,B9 5EA,Nursing,Ch Local Authority,01905 821388,CH Email,https://www.wmca.care/hmfc/directory/carehomes/worcestershire/dp/27
301,Mariantonia House,17 Comberton Road,Not Specified,CH Town,B9 5EA,Learning Disabilities,Ch Local Authority,01562 694450,CH Email,https://www.wmca.care/hmfc/directory/carehomes/worcestershire/dp/28
302,Mill House (Flyford Flavell),Kington,Flyford Flavell,CH Town,B9 5EA,Not Specified,Ch Local Authority,01386 793110,CH Email,https://www.wmca.care/hmfc/directory/carehomes/worcestershire/dp/29
303,Milldale Close,3 Milldale Close,Not Specified,CH Town,B9 5EA,Learning Disabilities,Ch Local Authority,01562 63424,CH Email,https://www.wmca.care/hmfc/directory/carehomes/worcestershire/dp/30
304,Newland Hurst Ltd,Newland Lane,"Newland, Droitwich Spa",CH Town,B9 5EA,Learning Disabilities,Ch Local Authority,01905 773156,CH Email,https://www.wmca.care/hmfc/directory/carehomes/worcestershire/dp/31
305,Oaks The (Malvern),165 Worcester Road,Not Specified,CH Town,B9 5EA,Learning Disabilities,Ch Local Authority,01684 572079,CH Email,https://www.wmca.care/hmfc/directory/carehomes/worcestershire/dp/32
306,Offmore Farm,Offmore Farm Close,Offmore Farm Close,CH Town,B9 5EA,Not Specified,Ch Local Authority,01562 515189,CH Email,https://www.wmca.care/hmfc/directory/carehomes/worcestershire/dp/33
307,Parklands Care Home,Callow Hill Lane,Callow Hill,CH Town,B9 5EA,Not Specified,Ch Local Authority,01527 544581,CH Email,https://www.wmca.care/hmfc/directory/carehomes/worcestershire/dp/34
308,Priory Care Home The,Crutch Lane,Dodderhill,CH Town,B9 5EA,Not Specified,Ch Local Authority,01905 771595,CH Email,https://www.wmca.care/hmfc/directory/carehomes/worcestershire/dp/35
309,Redwood House,Cherry Hill Road,Barnt Green,CH Town,B9 5EA,Not Specified,Ch Local Authority,0121 4477447,CH Email,https://www.wmca.care/hmfc/directory/carehomes/worcestershire/dp/36
310,Rockny House,25 Birmingham Road,Not Specified,CH Town,B9 5EA,Learning Disabilities,Ch Local Authority,01562 864067,CH Email,https://www.wmca.care/hmfc/directory/carehomes/worcestershire/dp/37
311,Safeharbour (Worcestershire),52 Corbett Avenue,Not Specified,CH Town,B9 5EA,Learning Disabilities,Ch Local Authority,01905 796214,CH Email,https://www.wmca.care/hmfc/directory/carehomes/worcestershire/dp/38
312,St Johns Nursing Home,St. Peters Walk,Not Specified,CH Town,B9 5EA,Nursing,Ch Local Authority,01905 794506,CH Email,https://www.wmca.care/hmfc/directory/carehomes/worcestershire/dp/39
313,Stonebow House,Worcester Road,Peopleton,CH Town,B9 5EA,Not Specified,Ch Local Authority,01905 840245,CH Email,https://www.wmca.care/hmfc/directory/carehomes/worcestershire/dp/40
314,Summerdyne Nursing Home,Cleobury Road,Not Specified,CH Town,B9 5EA,Nursing,Ch Local Authority,01299 403260,CH Email,https://www.wmca.care/hmfc/directory/carehomes/worcestershire/dp/41
315,Three Roses Homes Ltd,Bromsgrove Road,"Holy Cross, Clent",CH Town,B9 5EA,Learning Disabilities,Ch Local Authority,01562 730730,CH Email,https://www.wmca.care/hmfc/directory/carehomes/worcestershire/dp/42
316,Wayside Nursing Home,25 New Road,Not Specified,CH Town,B9 5EA,Nursing,Ch Local Authority,01527 837774,CH Email,https://www.wmca.care/hmfc/directory/carehomes/worcestershire/dp/43
317,Wythall Residential Home,241 Station Road,Wythall,CH Town,B9 5EA,Not Specified,Ch Local Authority,01564 823478,CH Email,https://www.wmca.care/hmfc/directory/carehomes/worcestershire/dp/44
318,The Haven Rest Home,218 Worcester Road,Not Specified,CH Town,B9 5EA,Dementia,Ch Local Authority,07908 578156,CH Email,https://www.wmca.care/hmfc/directory/carehomes/worcestershire/dp/45
